,City,Lat,Lng,Max Temp,Humidity,Cloudiness,Wind Speed,Country,Date,Current Weather
0,Bredasdorp,-34.5322,20.0403,61.92,72,28,3.98,ZA,2021-06-01 15:36:27,scattered clouds
1,Cockburn Town,21.4612,-71.1419,84.16,70,40,13.8,TC,2021-06-01 15:26:41,scattered clouds
2,Mount Isa,-20.7333,139.5,62.37,63,82,5.75,AU,2021-06-01 15:36:28,broken clouds
3,Vaitape,-16.5167,-151.75,79.29,74,70,15.03,PF,2021-06-01 15:31:09,broken clouds
4,Thompson,55.7435,-97.8558,50.16,62,75,4.61,CA,2021-06-01 15:36:28,broken clouds
5,Busselton,-33.65,115.3333,56.05,69,90,4.97,AU,2021-06-01 15:36:28,overcast clouds
6,Cherskiy,68.75,161.3,54.66,43,9,3.0,RU,2021-06-01 15:28:08,clear sky
7,Bluff,-46.6,168.3333,49.8,81,98,19.91,NZ,2021-06-01 15:36:29,overcast clouds
8,Fortuna,40.5982,-124.1573,59.94,83,56,3.87,US,2021-06-01 15:29:34,broken clouds
9,Balykshi,47.0667,51.8667,80.6,57,40,15.66,KZ,2021-06-01 15:36:29,scattered clouds
10,Havelock,34.8791,-76.9013,76.98,61,40,5.99,US,2021-06-01 15:24:27,scattered clouds
11,Xiangxiang,27.7333,112.5333,76.77,87,89,2.24,CN,2021-06-01 15:36:29,overcast clouds
12,Chokurdakh,70.6333,147.9167,54.16,50,8,7.34,RU,2021-06-01 15:36:30,clear sky
13,Jamestown,42.097,-79.2353,68.29,48,1,4.61,US,2021-06-01 15:33:55,haze
14,Vaini,-21.2,-175.2,71.76,94,90,5.75,TO,2021-06-01 15:36:30,moderate rain
15,Estelle,29.8458,-90.1067,86.05,68,75,9.22,US,2021-06-01 15:36:31,broken clouds
16,Provideniya,64.3833,-173.3,33.67,63,1,12.24,RU,2021-06-01 15:36:31,clear sky
17,Caracollo,-14.9165,-70.6603,53.91,37,50,1.12,PE,2021-06-01 15:36:31,scattered clouds
18,Storm Lake,42.6411,-95.2097,72.36,42,1,3.44,US,2021-06-01 15:36:31,clear sky
19,Hobart,-42.8794,147.3294,54.27,67,75,4.0,AU,2021-06-01 15:36:32,broken clouds
20,Susangerd,31.5608,48.1831,109.42,5,0,24.32,IR,2021-06-01 15:36:32,clear sky
21,Poum,-20.2333,164.0167,73.15,55,100,8.16,NC,2021-06-01 15:26:56,overcast clouds
22,Ushuaia,-54.8,-68.3,28.06,100,75,10.36,AR,2021-06-01 15:34:26,light snow
23,Samarai,-10.6167,150.6667,78.15,79,100,15.23,PG,2021-06-01 15:23:11,overcast clouds
24,Pacific Grove,36.6177,-121.9166,61.95,96,90,1.01,US,2021-06-01 15:29:22,mist
25,Kavieng,-2.5744,150.7967,76.95,92,100,5.48,PG,2021-06-01 15:36:33,moderate rain
26,Camacha,33.0833,-16.3333,67.53,68,75,5.75,PT,2021-06-01 15:36:33,broken clouds
27,Neya,58.2972,43.8681,58.19,51,44,3.98,RU,2021-06-01 15:36:34,scattered clouds
28,Upernavik,72.7868,-56.1549,31.44,84,61,2.95,GL,2021-06-01 15:36:34,broken clouds
29,Barrow,71.2906,-156.7887,28.42,86,90,16.11,US,2021-06-01 15:36:34,overcast clouds
30,New Norfolk,-42.7826,147.0587,53.92,70,78,3.06,AU,2021-06-01 15:36:35,broken clouds
31,Yar-Sale,66.8333,70.8333,42.66,86,100,20.29,RU,2021-06-01 15:29:10,light rain
32,Shaoxing,30.011,120.5715,73.35,93,94,4.29,CN,2021-06-01 15:36:35,overcast clouds
33,Vila,42.0304,-8.1588,64.74,80,98,7.07,PT,2021-06-01 15:36:35,overcast clouds
34,Hilo,19.7297,-155.09,72.81,90,40,5.75,US,2021-06-01 15:35:12,light rain
35,Hay River,60.8156,-115.7999,60.78,63,75,1.14,CA,2021-06-01 15:26:59,broken clouds
36,Faanui,-16.4833,-151.75,79.29,74,67,15.19,PF,2021-06-01 15:29:15,broken clouds
37,Rikitea,-23.1203,-134.9692,71.69,55,63,21.5,PF,2021-06-01 15:36:36,broken clouds
38,Nchelenge,-9.3451,28.734,75.29,56,13,4.83,ZM,2021-06-01 15:27:02,few clouds
39,Yellowknife,62.456,-114.3525,54.32,71,90,5.75,CA,2021-06-01 15:36:36,overcast clouds
40,Tasiilaq,65.6145,-37.6368,39.36,64,34,3.24,GL,2021-06-01 15:36:37,scattered clouds
41,Hermanus,-34.4187,19.2345,58.8,79,8,3.62,ZA,2021-06-01 15:36:37,clear sky
42,Alakurtti,66.9672,30.3491,62.64,48,86,5.3,RU,2021-06-01 15:36:37,light rain
43,Synya,65.3718,58.0387,39.15,57,92,11.01,RU,2021-06-01 15:36:38,overcast clouds
44,Mayo,38.8876,-76.5119,78.42,65,100,5.01,US,2021-06-01 15:36:38,overcast clouds
45,Narasannapeta,18.4167,84.05,86.09,76,20,7.72,IN,2021-06-01 15:36:38,few clouds
46,East London,-33.0153,27.9116,61.74,72,20,6.91,ZA,2021-06-01 15:36:38,light rain
47,Fiche,9.8,38.7333,65.44,27,66,6.98,ET,2021-06-01 15:36:39,broken clouds
48,Albany,42.6001,-73.9662,71.74,57,100,2.08,US,2021-06-01 15:36:39,overcast clouds
49,Fokino,42.9836,132.4047,54.63,98,97,6.29,RU,2021-06-01 15:36:39,overcast clouds
50,Gardenstown,57.671,-2.336,74.75,68,31,17.83,GB,2021-06-01 15:36:40,scattered clouds
51,Butaritari,3.0707,172.7902,82.24,82,77,16.69,KI,2021-06-01 15:36:40,light rain
52,Lesnikovo,55.2822,65.3175,54.72,50,28,6.17,RU,2021-06-01 15:36:40,scattered clouds
53,Punta Arenas,-53.15,-70.9167,32.11,86,75,2.59,CL,2021-06-01 15:36:41,broken clouds
54,Rehoboth,-23.3167,17.0833,60.84,26,0,11.25,NA,2021-06-01 15:36:41,clear sky
55,Port Alfred,-33.5906,26.891,62.62,81,100,16.46,ZA,2021-06-01 15:36:41,moderate rain
56,Porto Novo,6.4965,2.6036,78.62,63,95,9.78,BJ,2021-06-01 15:36:41,overcast clouds
57,Victoria,22.2855,114.1577,80.33,92,100,8.63,HK,2021-06-01 15:33:36,moderate rain
58,Bethel,41.3712,-73.414,72.84,60,1,1.01,US,2021-06-01 15:26:53,clear sky
59,Ponta Do Sol,32.6667,-17.1,71.01,73,62,3.44,PT,2021-06-01 15:36:42,broken clouds
60,Spas-Demensk,54.4122,34.0226,57.29,54,29,8.25,RU,2021-06-01 15:36:42,scattered clouds
61,Xai-Xai,-25.0519,33.6442,72.77,73,99,11.56,MZ,2021-06-01 15:36:43,overcast clouds
62,Khatanga,71.9667,102.5,34.75,86,100,13.76,RU,2021-06-01 15:36:43,overcast clouds
63,Ribeira Grande,38.5167,-28.7,63.0,59,75,14.97,PT,2021-06-01 15:36:43,broken clouds
64,Iqaluit,63.7506,-68.5145,31.73,100,90,4.0,CA,2021-06-01 15:28:23,snow
65,Pangnirtung,66.1451,-65.7125,39.2,65,90,12.66,CA,2021-06-01 15:36:43,overcast clouds
66,Nikolskoye,59.7035,30.7861,64.29,54,98,5.46,RU,2021-06-01 15:36:44,overcast clouds
67,Nanakuli,21.3906,-158.1547,76.71,85,1,5.95,US,2021-06-01 15:36:44,clear sky
68,Belmonte,-15.8631,-38.8828,82.9,64,80,6.82,BR,2021-06-01 15:36:44,broken clouds
69,Tulagi,-9.0996,160.1476,81.34,81,86,14.99,SB,2021-06-01 15:36:45,overcast clouds
70,Austin,30.2672,-97.7431,75.83,91,90,1.01,US,2021-06-01 15:34:25,overcast clouds
71,Avarua,-21.2078,-159.775,66.25,94,20,1.14,CK,2021-06-01 15:36:45,few clouds
72,Nouadhibou,20.931,-17.0347,65.59,88,10,26.49,MR,2021-06-01 15:28:31,clear sky
73,Dok Kham Tai,19.1624,99.9934,80.62,69,97,3.22,TH,2021-06-01 15:36:46,overcast clouds
74,Lorengau,-2.0226,147.2712,78.58,85,100,2.51,PG,2021-06-01 15:36:46,overcast clouds
75,Trebinje,42.7119,18.3442,68.34,52,20,4.9,BA,2021-06-01 15:36:46,few clouds
76,Adamas,36.7333,24.4333,71.02,62,0,16.22,GR,2021-06-01 15:36:46,clear sky
77,Raga,8.4596,25.678,74.98,80,97,5.84,SS,2021-06-01 15:36:47,light rain
78,Iberia,29.9502,-91.7507,82.98,74,75,10.83,US,2021-06-01 15:36:47,broken clouds
79,Kurchum,48.5722,83.6542,69.58,53,19,9.66,KZ,2021-06-01 15:36:48,few clouds
80,Mucurapo,10.6667,-61.5333,88.02,55,100,10.04,TT,2021-06-01 15:36:48,overcast clouds
81,Hambantota,6.1241,81.1185,82.74,83,0,17.94,LK,2021-06-01 15:36:49,clear sky
82,Dillon,34.4166,-79.3712,81.25,42,63,5.73,US,2021-06-01 15:36:49,broken clouds
83,Predivinsk,57.0669,93.4378,55.15,66,63,4.43,RU,2021-06-01 15:27:41,broken clouds
84,Gewane,10.1664,40.6453,98.08,15,39,6.73,ET,2021-06-01 15:36:49,scattered clouds
85,Coihaique,-45.5752,-72.0662,47.01,57,75,3.44,CL,2021-06-01 15:36:50,broken clouds
86,Saskylakh,71.9167,114.0833,35.76,81,100,4.68,RU,2021-06-01 15:36:50,overcast clouds
87,Auki,-8.7676,160.7034,77.65,90,100,3.94,SB,2021-06-01 15:36:50,overcast clouds
88,Jhalida,23.3667,85.9667,75.74,50,84,3.24,IN,2021-06-01 15:36:50,broken clouds
89,Comodoro Rivadavia,-45.8667,-67.5,49.86,50,20,14.97,AR,2021-06-01 15:22:23,few clouds
90,Kaitangata,-46.2817,169.8464,46.92,70,91,9.37,NZ,2021-06-01 15:36:51,overcast clouds
91,Namibe,-15.1961,12.1522,79.43,78,40,16.11,AO,2021-06-01 15:31:40,scattered clouds
92,Sao Bartolomeu De Messines,37.2602,-8.2867,68.02,36,26,10.27,PT,2021-06-01 15:36:51,scattered clouds
93,Atuona,-9.8,-139.0333,79.5,76,22,15.05,PF,2021-06-01 15:36:52,few clouds
94,Palencia,42.4167,-4.5,67.6,54,72,4.99,ES,2021-06-01 15:36:52,broken clouds
95,Correntina,-13.3433,-44.6367,91.0,23,37,4.9,BR,2021-06-01 15:36:52,scattered clouds
96,Arraial Do Cabo,-22.9661,-42.0278,76.96,78,20,9.22,BR,2021-06-01 15:36:53,few clouds
97,Duluth,46.7833,-92.1066,74.55,51,20,1.99,US,2021-06-01 15:36:53,few clouds
98,Mahebourg,-20.4081,57.7,70.09,94,75,5.75,MU,2021-06-01 15:36:53,moderate rain
99,Brownwood,31.7093,-98.9912,69.3,65,49,8.7,US,2021-06-01 15:35:24,scattered clouds
100,Saquena,-4.6667,-73.5167,87.82,56,33,1.1,PE,2021-06-01 15:36:54,scattered clouds
101,San Quintin,30.4833,-115.95,62.01,79,25,5.3,MX,2021-06-01 15:28:43,scattered clouds
102,Forio,40.7342,13.8646,75.78,61,7,8.72,IT,2021-06-01 15:36:54,clear sky
103,Bambous Virieux,-20.3428,57.7575,70.05,94,75,11.52,MU,2021-06-01 15:36:54,moderate rain
104,Isangel,-19.55,169.2667,70.3,63,40,9.6,VU,2021-06-01 15:34:08,scattered clouds
105,Geraldton,-28.7667,114.6,55.81,88,0,8.81,AU,2021-06-01 15:36:55,clear sky
106,Longyearbyen,78.2186,15.6401,35.44,93,75,8.05,SJ,2021-06-01 15:36:55,broken clouds
107,Cape Town,-33.9258,18.4232,61.21,71,20,8.21,ZA,2021-06-01 15:34:07,few clouds
108,Bengkulu,-3.8004,102.2655,77.09,90,91,5.37,ID,2021-06-01 15:28:14,overcast clouds
109,Sitka,57.0531,-135.33,49.89,93,90,5.75,US,2021-06-01 15:28:19,overcast clouds
110,Kapaa,22.0752,-159.319,73.38,94,20,5.75,US,2021-06-01 15:36:56,few clouds
111,Nyurba,63.2842,118.3319,53.26,84,91,3.11,RU,2021-06-01 15:30:12,overcast clouds
112,Xining,36.6167,101.7667,53.76,57,100,3.78,CN,2021-06-01 15:27:23,overcast clouds
113,Nome,64.5011,-165.4064,46.47,49,1,9.22,US,2021-06-01 15:30:29,clear sky
114,Lerwick,60.1545,-1.1494,53.6,79,9,12.08,GB,2021-06-01 15:31:07,clear sky
115,Severo-Kurilsk,50.6789,156.125,38.48,96,100,4.81,RU,2021-06-01 15:36:56,light rain
116,Chachapoyas,-6.2317,-77.869,66.25,65,93,1.74,PE,2021-06-01 15:36:56,light rain
117,Codrington,-38.2667,141.9667,54.73,52,100,4.47,AU,2021-06-01 15:27:19,light rain
118,San Rafael Del Sur,11.8485,-86.4384,86.97,44,15,15.35,NI,2021-06-01 15:30:19,few clouds
119,Zhezkazgan,47.8043,67.7144,76.84,47,0,11.97,KZ,2021-06-01 15:30:59,clear sky
120,Skjervoy,70.0311,20.9714,55.4,91,100,5.35,NO,2021-06-01 15:36:57,overcast clouds
121,Mataura,-46.1927,168.8643,49.48,92,97,3.13,NZ,2021-06-01 15:36:57,overcast clouds
122,Aleksandrov Gay,50.147,48.5704,72.48,68,49,17.63,RU,2021-06-01 15:36:58,scattered clouds
123,Rio Gallegos,-51.6226,-69.2181,28.45,86,75,8.05,AR,2021-06-01 15:27:33,broken clouds
124,Sembe,1.6481,14.5806,75.18,95,100,2.98,CG,2021-06-01 15:31:00,light rain
125,Cotonou,6.3654,2.4183,78.78,78,40,8.05,BJ,2021-06-01 15:36:58,scattered clouds
126,Fairbanks,64.8378,-147.7164,55.09,87,90,3.44,US,2021-06-01 15:25:38,light rain
127,Henties Bay,-22.116,14.2845,61.86,64,1,6.49,NA,2021-06-01 15:29:52,clear sky
128,Kalmunai,7.4167,81.8167,82.38,79,57,4.9,LK,2021-06-01 15:36:59,broken clouds
129,Port Elizabeth,-33.918,25.5701,61.09,82,0,18.41,ZA,2021-06-01 15:36:59,clear sky
130,Changde,29.0464,111.6783,78.04,76,80,2.98,CN,2021-06-01 15:37:00,broken clouds
131,Kabelvag,68.2114,14.4817,64.62,51,0,10.36,NO,2021-06-01 15:37:00,clear sky
132,Storrs,41.8084,-72.2495,71.6,61,1,3.44,US,2021-06-01 15:35:57,clear sky
133,Olafsvik,64.8945,-23.7142,45.97,76,81,16.49,IS,2021-06-01 15:37:01,broken clouds
134,Mildura,-34.2,142.15,50.07,66,5,5.75,AU,2021-06-01 15:37:01,clear sky
135,Airai,-8.9266,125.4092,59.14,94,94,2.17,TL,2021-06-01 15:37:01,overcast clouds
136,Chuy,-33.6971,-53.4616,65.52,51,90,13.8,UY,2021-06-01 15:37:02,overcast clouds
137,Port Hardy,50.6996,-127.4199,57.38,94,75,0.0,CA,2021-06-01 15:37:02,broken clouds
138,Rocha,-34.4833,-54.3333,64.58,57,100,14.16,UY,2021-06-01 15:29:30,overcast clouds
139,Hami,42.8,93.45,83.23,10,40,8.88,CN,2021-06-01 15:28:41,scattered clouds
140,Torbay,47.6666,-52.7314,66.97,92,90,25.32,CA,2021-06-01 15:28:43,light rain
141,Kinshasa,-4.3246,15.3215,89.98,51,20,3.56,CD,2021-06-01 15:37:03,few clouds
142,Mbanza-Ngungu,-5.25,14.8667,78.22,69,65,6.62,CD,2021-06-01 15:37:03,broken clouds
143,Agadez,19.75,10.25,105.91,6,100,9.93,NE,2021-06-01 15:31:38,overcast clouds
144,Arlit,18.7369,7.3853,111.63,5,15,10.94,NE,2021-06-01 15:25:42,few clouds
145,Macamic,48.7502,-78.9996,66.43,51,69,10.42,CA,2021-06-01 15:37:03,broken clouds
146,Saint George,37.1041,-113.5841,89.35,15,1,1.01,US,2021-06-01 15:37:04,clear sky
147,Sadovoye,47.7764,44.5089,77.99,53,100,13.67,RU,2021-06-01 15:37:04,overcast clouds
148,Tiksi,71.6872,128.8694,38.12,91,99,5.88,RU,2021-06-01 15:37:04,overcast clouds
149,Hithadhoo,-0.6,73.0833,84.31,67,100,15.7,MV,2021-06-01 15:37:05,overcast clouds
150,Petropavlovsk-Kamchatskiy,53.0452,158.6483,36.19,87,75,3.51,RU,2021-06-01 15:30:03,broken clouds
151,Pereslavl-Zalesskiy,56.7393,38.8563,56.23,64,68,3.65,RU,2021-06-01 15:37:05,broken clouds
152,Mar Del Plata,-38.0023,-57.5575,64.09,56,0,1.01,AR,2021-06-01 15:37:06,clear sky
153,Garowe,8.4054,48.4845,84.36,48,87,21.16,SO,2021-06-01 15:37:07,overcast clouds
154,Metkovic,43.0542,17.6483,73.87,49,52,4.27,HR,2021-06-01 15:37:07,broken clouds
155,Nanortalik,60.1432,-45.2371,41.59,75,91,2.71,GL,2021-06-01 15:27:20,overcast clouds
156,Santa Rosa,14.3122,121.1114,86.11,79,92,3.62,PH,2021-06-01 15:30:08,overcast clouds
157,Saldanha,-33.0117,17.9442,62.65,82,0,11.54,ZA,2021-06-01 15:37:07,clear sky
158,Antsohihy,-14.8796,47.9875,78.13,48,8,9.98,MG,2021-06-01 15:30:28,clear sky
159,Lasa,46.6166,10.7002,76.08,51,36,0.89,IT,2021-06-01 15:37:08,scattered clouds
160,Aripuana,-9.1667,-60.6333,92.25,37,39,3.24,BR,2021-06-01 15:31:11,scattered clouds
161,Muli,2.9167,73.5667,83.84,72,74,14.92,MV,2021-06-01 15:37:08,broken clouds
162,Presidencia Roque Saenz Pena,-26.7852,-60.4388,75.9,22,0,10.02,AR,2021-06-01 15:37:09,clear sky
163,Lebu,-37.6167,-73.65,57.45,98,100,7.31,CL,2021-06-01 15:37:09,heavy intensity rain
164,Knysna,-34.0363,23.0471,61.18,82,8,6.26,ZA,2021-06-01 15:37:09,clear sky
165,Mao,39.8885,4.2658,73.96,68,20,8.05,ES,2021-06-01 15:29:17,few clouds
166,Hualmay,-11.0964,-77.6139,68.27,76,99,9.37,PE,2021-06-01 15:31:09,overcast clouds
167,Vardo,70.3705,31.1107,53.8,71,0,20.71,NO,2021-06-01 15:34:47,clear sky
168,Namtsy,62.7161,129.6658,48.31,77,10,4.63,RU,2021-06-01 15:29:59,clear sky
169,Rivera,-30.9053,-55.5508,64.89,46,11,10.78,UY,2021-06-01 15:37:10,few clouds
170,Lata,40.1629,-8.3327,65.8,62,92,7.85,PT,2021-06-01 15:37:11,overcast clouds
171,Ranong,9.9658,98.6348,81.03,86,25,4.5,TH,2021-06-01 15:37:11,scattered clouds
172,Saint Anthony,45.0205,-93.218,75.25,46,1,1.99,US,2021-06-01 15:37:11,clear sky
173,Placido De Castro,-10.3353,-67.1856,90.09,48,69,2.26,BR,2021-06-01 15:37:12,broken clouds
174,Souillac,-20.5167,57.5167,70.18,94,75,10.38,MU,2021-06-01 15:37:12,light rain
175,Ponta Delgada,37.7333,-25.6667,65.12,55,40,16.11,PT,2021-06-01 15:29:51,scattered clouds
176,Pevek,69.7008,170.3133,35.08,69,10,3.24,RU,2021-06-01 15:37:12,clear sky
177,Grindavik,63.8424,-22.4338,49.95,66,75,18.7,IS,2021-06-01 15:28:36,broken clouds
178,Sola,-13.8833,167.55,79.47,78,90,0.0,VU,2021-06-01 15:37:13,overcast clouds
179,Roma,43.2128,-75.4557,70.43,52,100,2.1,US,2021-06-01 15:28:02,overcast clouds
180,Port Keats,-14.25,129.55,72.9,69,100,1.81,AU,2021-06-01 15:37:13,overcast clouds
181,Clyde River,70.4692,-68.5914,26.83,93,90,2.3,CA,2021-06-01 15:37:14,overcast clouds
182,Aklavik,68.2191,-135.0107,30.92,86,90,9.22,CA,2021-06-01 15:30:46,overcast clouds
183,Amapa,1.0,-52.0,83.41,74,20,3.4,BR,2021-06-01 15:28:03,few clouds
184,Qaanaaq,77.484,-69.3632,31.53,83,100,3.42,GL,2021-06-01 15:37:14,overcast clouds
185,Kruisfontein,-34.0033,24.7314,56.88,79,24,14.18,ZA,2021-06-01 15:37:14,few clouds
186,Avanigadda,16.0215,80.9181,91.54,62,70,10.33,IN,2021-06-01 15:37:15,broken clouds
187,Narsaq,60.9167,-46.05,57.42,45,28,3.6,GL,2021-06-01 15:27:36,scattered clouds
188,Speightstown,13.25,-59.65,86.61,70,46,13.51,BB,2021-06-01 15:37:15,scattered clouds
189,Avera,33.194,-82.5271,77.72,47,90,7.72,US,2021-06-01 15:28:26,overcast clouds
190,Biak,-0.9131,122.8766,76.53,83,86,5.01,ID,2021-06-01 15:30:04,overcast clouds
191,Tire,38.0888,27.7351,75.94,40,23,10.98,TR,2021-06-01 15:37:16,few clouds
192,San Ignacio,17.1561,-89.0714,82.54,74,20,5.61,BZ,2021-06-01 15:37:16,few clouds
193,Khani,41.9563,42.9566,62.17,91,60,3.11,GE,2021-06-01 15:37:16,light rain
194,Yerbogachen,61.2767,108.0108,56.79,56,83,3.42,RU,2021-06-01 15:37:17,broken clouds
195,Lompoc,34.6391,-120.4579,56.88,100,90,3.15,US,2021-06-01 15:37:17,fog
196,Sao Joaquim,-28.2939,-49.9317,58.55,37,2,4.0,BR,2021-06-01 15:37:17,clear sky
197,Makaryev,57.8797,43.8069,57.65,51,81,6.2,RU,2021-06-01 15:37:17,broken clouds
198,Kargasok,59.0556,80.8572,45.57,84,57,6.13,RU,2021-06-01 15:37:18,broken clouds
199,Cidreira,-30.1811,-50.2056,65.84,47,6,4.43,BR,2021-06-01 15:37:19,clear sky
200,Saint-Pierre,-21.3393,55.4781,74.88,76,75,16.11,RE,2021-06-01 15:31:10,broken clouds
201,Bar Harbor,44.3876,-68.2039,72.91,64,1,7.0,US,2021-06-01 15:37:20,clear sky
202,Lisala,2.15,21.5167,80.65,66,83,3.27,CD,2021-06-01 15:37:20,broken clouds
203,Los Llanos De Aridane,28.6585,-17.9182,69.55,81,40,3.74,ES,2021-06-01 15:31:35,scattered clouds
204,Aguie,13.506,7.7786,105.33,9,6,0.74,NE,2021-06-01 15:37:20,clear sky
205,Mizdah,31.4451,12.9801,93.6,17,90,15.55,LY,2021-06-01 15:37:21,overcast clouds
206,Kharp,66.8014,65.8081,36.84,59,68,11.54,RU,2021-06-01 15:30:44,broken clouds
207,Puerto Ayora,-0.7393,-90.3518,76.96,91,93,1.99,EC,2021-06-01 15:37:21,overcast clouds
208,Yenagoa,4.9247,6.2642,83.91,77,87,2.82,NG,2021-06-01 15:30:31,moderate rain
209,Big Rapids,43.6981,-85.4837,69.91,54,1,0.0,US,2021-06-01 15:37:22,clear sky
210,Hasaki,35.7333,140.8333,60.19,78,37,7.58,JP,2021-06-01 15:28:43,scattered clouds
211,Salalah,17.0151,54.0924,84.29,84,40,10.36,OM,2021-06-01 15:37:22,scattered clouds
212,Namie,37.4833,141.0,61.97,96,91,5.32,JP,2021-06-01 15:37:22,overcast clouds
213,Dikson,73.5069,80.5464,32.2,98,100,10.45,RU,2021-06-01 15:37:23,overcast clouds
214,Ambilobe,-13.2,49.05,73.42,74,5,2.98,MG,2021-06-01 15:37:23,clear sky
215,Klaksvik,62.2266,-6.589,49.12,77,100,19.86,FO,2021-06-01 15:37:23,overcast clouds
216,Georgetown,5.4112,100.3354,83.89,83,20,2.3,MY,2021-06-01 15:37:23,few clouds
217,Iskateley,67.6803,53.1512,36.88,67,100,21.45,RU,2021-06-01 15:37:24,overcast clouds
218,Ampanihy,-24.7,44.75,66.02,80,100,13.18,MG,2021-06-01 15:31:06,overcast clouds
219,Kahului,20.8947,-156.47,78.84,82,1,0.0,US,2021-06-01 15:29:56,clear sky
220,Elmina,5.0898,-1.348,81.77,76,100,8.61,GH,2021-06-01 15:37:24,overcast clouds
221,Coahuayana,18.7333,-103.6833,85.48,59,80,0.45,MX,2021-06-01 15:28:19,broken clouds
222,Nemuro,43.3236,145.575,43.14,84,78,6.8,JP,2021-06-01 15:31:33,broken clouds
223,Meulaboh,4.1363,96.1285,78.64,87,100,2.17,ID,2021-06-01 15:37:25,overcast clouds
224,Usinsk,65.9939,57.5281,38.59,63,100,22.64,RU,2021-06-01 15:37:25,overcast clouds
225,Gravdal,68.1214,13.5031,64.29,48,0,8.05,NO,2021-06-01 15:29:55,clear sky
226,Katsuura,35.1333,140.3,69.12,83,56,7.65,JP,2021-06-01 15:37:26,broken clouds
227,Gulabpura,25.9,74.6667,92.21,28,13,5.19,IN,2021-06-01 15:37:26,few clouds
228,Kambove,-10.8764,26.5969,64.85,47,77,2.06,CD,2021-06-01 15:37:26,broken clouds
229,Ayan,56.45,138.1667,36.57,98,90,11.32,RU,2021-06-01 15:37:27,overcast clouds
230,Pimentel,-6.8367,-79.9342,68.29,84,90,4.0,PE,2021-06-01 15:28:36,overcast clouds
231,Guiyang,26.5833,106.7167,68.49,94,90,2.24,CN,2021-06-01 15:37:27,overcast clouds
232,Carnarvon,-24.8667,113.6333,53.67,87,77,9.22,AU,2021-06-01 15:37:27,broken clouds
233,Baykit,61.67,96.37,55.09,59,54,4.65,RU,2021-06-01 15:37:28,broken clouds
234,Kamenka,51.3223,42.7678,59.83,78,100,8.97,RU,2021-06-01 15:37:28,overcast clouds
235,Omboue,-1.5746,9.2618,79.12,76,99,7.02,GA,2021-06-01 15:37:28,overcast clouds
236,Carlsbad,33.1581,-117.3506,74.84,83,90,1.01,US,2021-06-01 15:34:17,overcast clouds
237,Kutum,14.2,24.6667,96.93,11,78,13.2,SD,2021-06-01 15:37:29,broken clouds
238,General Pico,-35.6566,-63.7568,57.36,88,100,10.4,AR,2021-06-01 15:37:29,heavy intensity rain
239,Ucluelet,48.9329,-125.5528,61.11,92,61,2.39,CA,2021-06-01 15:37:29,broken clouds
240,San Jeronimo,-11.9472,-75.2829,59.09,50,98,0.76,PE,2021-06-01 15:37:30,overcast clouds
241,Salinas,36.6777,-121.6555,56.82,94,90,0.0,US,2021-06-01 15:30:47,mist
242,Cabo San Lucas,22.8909,-109.9124,87.4,24,1,4.61,MX,2021-06-01 15:37:30,clear sky
243,Deputatskiy,69.3,139.9,51.33,44,31,2.15,RU,2021-06-01 15:37:30,scattered clouds
244,Fuente Palmera,37.7049,-5.0996,80.11,24,32,13.33,ES,2021-06-01 15:37:31,scattered clouds
245,Americo Brasiliense,-21.7244,-48.1017,81.12,34,44,0.87,BR,2021-06-01 15:37:31,scattered clouds
246,Saint-Philippe,-21.3585,55.7679,74.79,77,52,10.69,RE,2021-06-01 15:37:31,broken clouds
247,Prachuap Khiri Khan,12.2167,99.75,77.88,83,13,4.92,TH,2021-06-01 15:37:32,few clouds
248,Northam,51.0333,-4.2167,73.13,72,82,11.61,GB,2021-06-01 15:31:29,broken clouds
249,Abeche,13.8292,20.8324,95.02,29,99,19.57,TD,2021-06-01 15:37:32,dust
250,Shirokiy,49.758,129.523,53.13,96,100,9.26,RU,2021-06-01 15:37:32,light rain
251,Vrangel,42.7297,133.0839,52.72,97,100,1.81,RU,2021-06-01 15:37:32,overcast clouds
252,Darlawn,24.0167,92.9,68.56,98,87,2.55,IN,2021-06-01 15:37:33,light rain
253,Sumkino,58.1108,68.3244,52.57,49,60,3.38,RU,2021-06-01 15:37:33,broken clouds
254,Kodiak,57.79,-152.4072,45.91,87,90,5.75,US,2021-06-01 15:33:15,overcast clouds
255,Valasske Klobouky,49.1406,18.0076,68.67,46,45,7.29,CZ,2021-06-01 15:37:34,scattered clouds
256,Azul,-36.777,-59.8585,59.76,72,100,13.67,AR,2021-06-01 15:37:34,light rain
257,Brae,60.3964,-1.353,53.51,72,21,11.18,GB,2021-06-01 15:37:35,few clouds
258,Kuytun,54.3419,101.5036,48.42,82,76,7.56,RU,2021-06-01 15:37:35,broken clouds
259,Kurikka,62.6167,22.4167,72.09,50,97,2.77,FI,2021-06-01 15:37:36,overcast clouds
260,Coxim,-18.5067,-54.76,88.61,36,98,4.97,BR,2021-06-01 15:37:36,light rain
261,Korla,41.7597,86.1469,77.4,31,96,17.18,CN,2021-06-01 15:37:36,overcast clouds
262,Bonthe,7.5264,-12.505,83.97,67,100,9.6,SL,2021-06-01 15:37:37,overcast clouds
263,Sao Filipe,14.8961,-24.4956,74.53,75,99,9.08,CV,2021-06-01 15:29:32,overcast clouds
264,Hazleton,40.9584,-75.9746,69.03,50,1,0.0,US,2021-06-01 15:37:37,clear sky
265,Faya,18.3851,42.4509,84.31,14,2,15.73,SA,2021-06-01 15:37:37,clear sky
266,Haines Junction,60.7522,-137.5108,55.35,41,96,10.36,CA,2021-06-01 15:28:38,overcast clouds
267,Upata,8.0086,-62.3989,83.34,61,89,5.86,VE,2021-06-01 15:37:38,overcast clouds
268,Yining,29.0361,114.5636,75.9,88,55,1.43,CN,2021-06-01 15:37:38,broken clouds
269,Sena Madureira,-9.0656,-68.6569,89.35,53,89,2.17,BR,2021-06-01 15:37:38,overcast clouds
270,Hope,33.6671,-93.5916,77.29,68,100,8.39,US,2021-06-01 15:33:14,overcast clouds
271,Ngunguru,-35.6167,174.5,46.17,87,19,7.0,NZ,2021-06-01 15:37:39,few clouds
272,Hamilton,39.1834,-84.5333,73.22,65,90,1.99,US,2021-06-01 15:37:39,overcast clouds
273,Sabang,5.8933,95.3214,83.64,73,100,12.84,ID,2021-06-01 15:37:40,overcast clouds
274,Chulman,56.8479,124.9104,49.33,77,98,3.53,RU,2021-06-01 15:37:40,light rain
275,Weihe,32.9952,105.3247,61.07,78,97,0.67,CN,2021-06-01 15:37:40,overcast clouds
276,Norman Wells,65.282,-126.8329,46.44,81,75,14.97,CA,2021-06-01 15:37:41,light rain
277,Suleja,9.1758,7.1808,88.79,52,92,3.98,NG,2021-06-01 15:37:41,overcast clouds
278,Constantine,36.365,6.6147,83.61,34,75,12.66,DZ,2021-06-01 15:37:41,broken clouds
279,Talnakh,69.4865,88.3972,31.66,97,100,4.32,RU,2021-06-01 15:37:41,overcast clouds
280,Tovste,48.8466,25.7262,60.84,54,94,9.62,UA,2021-06-01 15:37:42,overcast clouds
281,Registro,-24.4875,-47.8436,73.0,67,74,2.55,BR,2021-06-01 15:37:42,broken clouds
282,Chino Valley,34.7575,-112.4538,81.82,23,1,3.0,US,2021-06-01 15:35:30,clear sky
283,Asau,46.4333,26.4,54.75,93,100,5.61,RO,2021-06-01 15:31:15,light rain
284,Jumla,29.2747,82.1838,56.98,89,93,3.78,NP,2021-06-01 15:37:43,overcast clouds
285,Montepuez,-13.1256,38.9997,72.16,65,99,3.51,MZ,2021-06-01 15:37:43,overcast clouds
286,Pasareni,46.4833,24.7,60.82,95,100,2.55,RO,2021-06-01 15:37:43,overcast clouds
287,Koumac,-20.5667,164.2833,66.94,70,10,4.43,NC,2021-06-01 15:37:43,clear sky
288,George,-33.963,22.4617,58.55,88,75,6.91,ZA,2021-06-01 15:37:44,broken clouds
289,Port Hedland,-20.3167,118.5667,64.45,55,95,8.05,AU,2021-06-01 15:37:44,overcast clouds
290,Chegutu,-18.1302,30.1407,66.88,40,21,3.36,ZW,2021-06-01 15:37:44,few clouds
291,Maningrida,-12.0667,134.2667,72.57,90,97,10.31,AU,2021-06-01 15:37:45,overcast clouds
292,At-Bashi,41.1702,75.8106,56.59,66,93,2.04,KG,2021-06-01 15:37:45,overcast clouds
293,Cuamba,-14.8031,36.5372,68.58,79,60,2.84,MZ,2021-06-01 15:37:45,broken clouds
294,Dunedin,-45.8742,170.5036,51.8,53,89,1.01,NZ,2021-06-01 15:37:46,overcast clouds
295,Quelimane,-17.8786,36.8883,71.8,80,69,6.33,MZ,2021-06-01 15:30:09,broken clouds
296,Alta Floresta,-9.8756,-56.0861,91.22,49,20,9.22,BR,2021-06-01 15:29:05,few clouds
297,Pahrump,36.2083,-115.9839,89.31,11,43,3.8,US,2021-06-01 15:37:13,scattered clouds
298,Sawakin,19.1059,37.3321,94.91,41,0,11.56,SD,2021-06-01 15:37:46,clear sky
299,Oranjemund,-28.55,16.4333,60.48,62,0,15.73,NA,2021-06-01 15:37:47,clear sky
300,Farafangana,-22.8167,47.8333,71.17,89,100,7.36,MG,2021-06-01 15:37:47,moderate rain
301,Tuktoyaktuk,69.4541,-133.0374,30.2,93,90,8.05,CA,2021-06-01 15:37:47,overcast clouds
302,Adrar,20.5022,-10.0711,103.91,15,47,4.29,MR,2021-06-01 15:37:48,scattered clouds
303,Gizo,-8.103,156.8419,81.18,83,91,12.93,SB,2021-06-01 15:37:48,moderate rain
304,Tromso,69.6496,18.957,68.65,67,20,10.36,NO,2021-06-01 15:37:48,few clouds
305,Nuevo Progreso,23.1667,-97.95,85.59,71,100,5.99,MX,2021-06-01 15:37:48,overcast clouds
306,Consolacion Del Sur,22.5047,-83.5136,87.46,50,10,14.18,CU,2021-06-01 15:37:49,clear sky
307,Timra,62.487,17.3257,65.91,39,90,10.36,SE,2021-06-01 15:37:49,overcast clouds
308,Namatanai,-3.6667,152.4333,77.31,91,100,5.82,PG,2021-06-01 15:37:49,light rain
309,Esperance,-33.8667,121.9,53.44,74,94,8.16,AU,2021-06-01 15:37:50,overcast clouds
310,Afyonkarahisar,38.75,30.6667,59.56,53,48,14.05,TR,2021-06-01 15:37:50,light rain
311,Fukue,32.6881,128.8419,70.23,75,94,3.33,JP,2021-06-01 15:37:50,overcast clouds
312,Barranca,-10.75,-77.7667,67.35,77,100,8.55,PE,2021-06-01 15:37:51,overcast clouds
313,Kibre Mengist,5.8833,38.9833,60.26,95,94,3.53,ET,2021-06-01 15:37:51,light rain
314,Dauphin,51.1494,-100.0502,73.54,31,20,17.27,CA,2021-06-01 15:33:39,few clouds
315,Kenai,60.5544,-151.2583,49.03,93,90,3.44,US,2021-06-01 15:29:13,light rain
316,Madawaska,47.3561,-68.3288,62.65,77,1,3.44,US,2021-06-01 15:37:52,clear sky
317,Sobolevo,54.4299,31.8996,59.61,65,9,4.54,RU,2021-06-01 15:37:52,clear sky
318,Boone,39.0334,-92.3335,68.52,85,100,5.48,US,2021-06-01 15:37:01,overcast clouds
319,Iroquois Falls,48.7669,-80.6831,66.34,39,9,7.76,CA,2021-06-01 15:37:52,clear sky
320,Talaya,61.3833,152.75,36.52,88,90,4.45,RU,2021-06-01 15:37:53,overcast clouds
321,Port Lincoln,-34.7333,135.8667,61.18,71,99,2.95,AU,2021-06-01 15:37:53,overcast clouds
322,Dubrovnik,42.6481,18.0922,71.22,52,20,13.69,HR,2021-06-01 15:37:53,few clouds
323,Quang Ngai,15.1167,108.8,78.75,82,98,4.97,VN,2021-06-01 15:37:54,overcast clouds
324,Trincomalee,8.5711,81.2335,82.85,75,14,16.4,LK,2021-06-01 15:37:54,few clouds
325,San Gavino Monreale,39.5514,8.7917,73.49,40,89,13.67,IT,2021-06-01 15:37:54,overcast clouds
326,Husavik,66.0449,-17.3389,46.31,86,100,2.01,IS,2021-06-01 15:37:54,overcast clouds
327,Bandarbeyla,9.4942,50.8122,80.19,80,88,28.41,SO,2021-06-01 15:37:55,overcast clouds
328,Bauchi,10.5,10.0,89.33,36,92,8.03,NG,2021-06-01 15:37:55,light rain
329,Beloha,-25.1667,45.05,66.34,79,99,14.14,MG,2021-06-01 15:37:55,overcast clouds
330,Karonga,-9.9333,33.9333,73.51,78,53,6.46,MW,2021-06-01 15:37:56,light rain
331,Laguna,38.421,-121.4238,89.44,51,1,4.0,US,2021-06-01 15:37:41,clear sky
332,Santa Cruz,-17.8,-63.1667,76.46,60,75,5.75,BO,2021-06-01 15:37:06,broken clouds
333,Panguipulli,-39.6333,-72.3333,56.91,95,100,4.12,CL,2021-06-01 15:37:56,overcast clouds
334,Plauen,50.5,12.1333,73.27,53,99,3.0,DE,2021-06-01 15:37:57,overcast clouds
335,Parnarama,-5.6817,-43.0933,94.68,36,25,4.52,BR,2021-06-01 15:37:57,scattered clouds
336,Sakaiminato,35.55,133.2333,62.58,94,75,3.44,JP,2021-06-01 15:37:57,broken clouds
337,Mogok,22.9167,96.5,68.99,81,13,1.39,MM,2021-06-01 15:37:58,few clouds
338,Launceston,-41.45,147.1667,50.14,94,75,3.42,AU,2021-06-01 15:37:58,broken clouds
339,Mehamn,71.0357,27.8492,46.58,98,100,20.45,NO,2021-06-01 15:28:27,overcast clouds
340,Yulara,-25.2406,130.9889,58.84,63,40,9.22,AU,2021-06-01 15:37:58,scattered clouds
341,Lavrentiya,65.5833,-171.0,29.93,76,8,13.91,RU,2021-06-01 15:37:59,clear sky
342,Bilma,18.6853,12.9164,108.3,5,96,15.59,NE,2021-06-01 15:31:12,overcast clouds
343,Constitucion,-35.3333,-72.4167,58.33,98,100,5.84,CL,2021-06-01 15:37:59,overcast clouds
344,Raudeberg,61.9875,5.1352,73.0,63,11,4.36,NO,2021-06-01 15:37:59,few clouds
345,Emerald,-23.5333,148.1667,60.94,88,40,3.44,AU,2021-06-01 15:38:00,scattered clouds
346,Kloulklubed,7.0419,134.2556,77.5,79,70,10.04,PW,2021-06-01 15:38:00,broken clouds
347,Starogard Gdanski,53.964,18.5264,58.77,100,100,6.89,PL,2021-06-01 15:38:00,overcast clouds
348,Buraydah,26.326,43.975,108.05,9,0,10.83,SA,2021-06-01 15:38:01,clear sky
349,Zhigansk,66.7697,123.3711,54.21,50,100,4.27,RU,2021-06-01 15:38:01,overcast clouds
350,Olga,43.7444,135.2892,50.63,100,100,5.77,RU,2021-06-01 15:38:01,overcast clouds
351,Kendari,-3.945,122.4989,75.51,92,100,1.16,ID,2021-06-01 15:38:02,overcast clouds
352,Castro,-24.7911,-50.0119,67.48,57,2,3.96,BR,2021-06-01 15:38:02,clear sky
353,Lac-Megantic,45.5834,-70.8823,61.52,56,100,11.1,CA,2021-06-01 15:36:51,overcast clouds
354,Sisimiut,66.9395,-53.6735,39.43,71,27,6.64,GL,2021-06-01 15:30:57,scattered clouds
355,Ballitoville,-29.539,31.2144,60.24,77,75,9.82,ZA,2021-06-01 15:38:02,broken clouds
356,Casambalangan,18.3765,122.1274,80.37,87,94,6.67,PH,2021-06-01 15:38:03,overcast clouds
357,Verkhnevilyuysk,63.4453,120.3167,51.19,87,90,3.96,RU,2021-06-01 15:38:03,overcast clouds
358,Peterhead,57.5058,-1.7981,67.44,88,7,13.51,GB,2021-06-01 15:38:03,clear sky
359,Bara,10.3744,10.7288,89.38,29,71,15.12,NG,2021-06-01 15:38:04,broken clouds
360,Chinhoyi,-17.3667,30.2,66.34,51,6,5.5,ZW,2021-06-01 15:38:04,clear sky
361,Cap-Aux-Meules,47.3821,-61.8597,50.05,100,90,19.57,CA,2021-06-01 15:38:04,overcast clouds
362,Belyy Yar,53.6039,91.3903,57.09,44,0,4.76,RU,2021-06-01 15:30:56,clear sky
363,Ancud,-41.8697,-73.8203,51.42,77,30,6.22,CL,2021-06-01 15:28:29,scattered clouds
364,Ust-Nera,64.5667,143.2,45.3,72,100,5.73,RU,2021-06-01 15:38:05,overcast clouds
365,Kovernino,57.1253,43.8142,57.52,61,99,3.33,RU,2021-06-01 15:38:06,overcast clouds
366,Puerto Leguizamo,-0.1934,-74.7819,82.87,67,62,1.74,CO,2021-06-01 15:28:08,broken clouds
367,Chokwe,-24.5333,32.9833,74.82,54,78,5.61,MZ,2021-06-01 15:38:06,broken clouds
368,Portland,45.5234,-122.6762,73.89,62,20,1.01,US,2021-06-01 15:36:02,few clouds
369,Alihe,50.5667,123.7167,47.41,95,100,3.2,CN,2021-06-01 15:31:23,overcast clouds
370,Luderitz,-26.6481,15.1594,71.13,36,0,18.52,NA,2021-06-01 15:28:39,clear sky
371,Tukrah,32.5341,20.5791,72.37,61,36,11.48,LY,2021-06-01 15:38:07,scattered clouds
372,Merauke,-8.4667,140.3333,76.03,87,100,13.67,ID,2021-06-01 15:38:07,overcast clouds
373,Berlevag,70.8578,29.0864,46.4,81,75,18.41,NO,2021-06-01 15:38:07,broken clouds
374,Itoman,26.1247,127.6694,77.02,94,75,6.91,JP,2021-06-01 15:28:21,broken clouds
375,Pechora,65.1472,57.2244,41.25,52,100,13.51,RU,2021-06-01 15:38:08,overcast clouds
376,Vallenar,-28.5708,-70.7581,84.56,9,10,3.15,CL,2021-06-01 15:38:08,clear sky
377,Pontes E Lacerda,-15.2261,-59.3353,91.71,37,38,1.68,BR,2021-06-01 15:38:08,scattered clouds
378,Pisco,-13.7,-76.2167,66.25,72,90,5.75,PE,2021-06-01 15:38:09,overcast clouds
379,Senneterre,48.3835,-77.2328,62.82,59,46,9.55,CA,2021-06-01 15:38:09,scattered clouds
380,Kasongo-Lunda,-6.4667,16.8167,84.33,37,85,1.74,CD,2021-06-01 15:38:09,overcast clouds
381,Moree,-29.4667,149.85,53.62,76,99,12.66,AU,2021-06-01 15:38:09,overcast clouds
382,Acheng,45.5454,126.977,49.93,53,55,5.37,CN,2021-06-01 15:38:10,broken clouds
383,Yerofey Pavlovich,53.9667,121.9667,48.65,94,100,5.03,RU,2021-06-01 15:38:10,overcast clouds
384,Rincon,32.296,-81.2354,81.84,70,75,1.01,US,2021-06-01 15:38:10,broken clouds
385,Kanelovskaya,46.5908,39.19,71.51,79,39,1.14,RU,2021-06-01 15:38:11,scattered clouds
386,Daru,-9.0763,143.2092,77.63,81,99,15.23,PG,2021-06-01 15:38:11,overcast clouds
387,College,64.8569,-147.8028,55.72,87,90,3.44,US,2021-06-01 15:38:11,light rain
388,Brigantine,39.4101,-74.3646,76.26,70,1,7.7,US,2021-06-01 15:28:43,clear sky
389,Sambava,-14.2667,50.1667,75.2,76,2,12.17,MG,2021-06-01 15:38:12,clear sky
390,Christchurch,-43.5333,172.6333,42.48,95,90,2.3,NZ,2021-06-01 15:28:04,fog
391,Leningradskiy,69.3833,178.4167,27.14,90,66,13.04,RU,2021-06-01 15:38:12,broken clouds
392,Waipawa,-41.4122,175.5153,45.93,90,28,3.24,NZ,2021-06-01 15:31:06,scattered clouds
393,Reconquista,-29.15,-59.65,72.0,27,0,11.45,AR,2021-06-01 15:38:13,clear sky
394,Tougan,13.0667,-3.0667,105.08,16,27,1.83,BF,2021-06-01 15:38:13,scattered clouds
395,Saint-Leu,-21.15,55.2833,74.26,93,11,12.1,RE,2021-06-01 15:38:13,few clouds
396,Nelson Bay,-32.7167,152.15,53.1,95,91,6.04,AU,2021-06-01 15:38:13,overcast clouds
397,Guayaramerin,-10.8368,-65.3614,75.25,83,90,2.51,BO,2021-06-01 15:38:14,overcast clouds
398,Selestat,48.2598,7.4565,80.26,31,0,5.68,FR,2021-06-01 15:38:14,clear sky
399,Solnechnyy,50.7214,136.6319,51.13,73,84,5.32,RU,2021-06-01 15:38:14,broken clouds
400,Kelo,9.3086,15.8066,88.97,40,100,2.68,TD,2021-06-01 15:38:15,overcast clouds
401,Lagoa,39.05,-27.9833,59.4,55,66,14.63,PT,2021-06-01 15:38:15,broken clouds
402,Iquique,-20.2208,-70.1431,60.84,65,34,4.7,CL,2021-06-01 15:29:08,scattered clouds
403,Robertsport,6.7533,-11.3686,81.93,77,96,8.97,LR,2021-06-01 15:38:16,overcast clouds
404,Cap Malheureux,-19.9842,57.6142,70.29,78,89,15.86,MU,2021-06-01 15:31:47,moderate rain
405,Zielona Gora,51.9355,15.5064,73.96,33,97,9.75,PL,2021-06-01 15:38:16,overcast clouds
406,Ostrovnoy,68.0531,39.5131,42.69,71,97,12.46,RU,2021-06-01 15:30:58,overcast clouds
407,Ridgecrest,35.6225,-117.6709,88.68,18,1,4.61,US,2021-06-01 15:38:16,clear sky
408,Pochutla,15.7432,-96.4661,89.82,51,100,5.21,MX,2021-06-01 15:38:17,overcast clouds
409,Beringovskiy,63.05,179.3167,29.41,89,60,9.37,RU,2021-06-01 15:38:17,broken clouds
410,Komsomolskiy,40.4272,71.7189,90.32,20,43,4.61,UZ,2021-06-01 15:29:47,scattered clouds
411,Big Spring,32.2504,-101.4787,70.11,73,40,1.99,US,2021-06-01 15:35:25,scattered clouds
412,Labuhan,-6.8844,112.2051,79.38,85,17,5.7,ID,2021-06-01 15:38:17,few clouds
413,Ketchikan,55.3422,-131.6461,52.27,100,90,5.75,US,2021-06-01 15:31:46,moderate rain
414,Sterling,39.0062,-77.4286,75.79,61,1,1.01,US,2021-06-01 15:29:26,clear sky
415,Vila Franca Do Campo,37.7167,-25.4333,64.81,61,12,15.9,PT,2021-06-01 15:38:18,few clouds
416,Taoudenni,22.6783,-3.9836,114.39,6,38,4.0,ML,2021-06-01 15:31:16,scattered clouds
417,Plettenberg Bay,-34.0527,23.3716,57.94,78,10,8.48,ZA,2021-06-01 15:38:18,clear sky
418,Verkhoyansk,67.5447,133.385,52.2,68,12,3.65,RU,2021-06-01 15:38:19,few clouds
419,Jacareacanga,-6.2222,-57.7528,93.78,31,4,4.43,BR,2021-06-01 15:38:19,clear sky
420,Cayenne,4.9333,-52.3333,84.24,85,75,1.99,GF,2021-06-01 15:38:19,broken clouds
421,Katra,32.9833,74.95,72.03,67,78,11.88,IN,2021-06-01 15:38:20,broken clouds
422,Cacu,-18.5567,-51.1308,87.13,33,90,4.83,BR,2021-06-01 15:38:20,overcast clouds
423,Vostok,46.4856,135.8833,49.62,94,100,3.51,RU,2021-06-01 15:29:43,light rain
424,Tessalit,20.1986,1.0114,109.56,4,2,8.32,ML,2021-06-01 15:38:20,clear sky
425,Sokode,8.9833,1.1333,91.11,55,75,0.0,TG,2021-06-01 15:38:21,light rain
426,Tandil,-37.3217,-59.1332,65.3,62,99,7.0,AR,2021-06-01 15:38:21,moderate rain
427,Riyadh,24.6877,46.7219,105.94,9,0,11.5,SA,2021-06-01 15:37:12,clear sky
428,Soweto,-26.2678,27.8585,54.05,36,2,8.23,ZA,2021-06-01 15:34:45,clear sky
429,Nadym,65.5333,72.5167,54.45,46,72,19.66,RU,2021-06-01 15:38:22,broken clouds
430,Kieta,-6.2167,155.6333,78.75,89,85,5.21,PG,2021-06-01 15:30:38,moderate rain
431,Kupang,-10.1667,123.5833,77.14,87,41,8.77,ID,2021-06-01 15:38:22,scattered clouds
432,Along,28.1667,94.7667,71.56,98,92,0.85,IN,2021-06-01 15:38:22,overcast clouds
433,Yalutorovsk,56.6536,66.3006,53.78,48,5,2.06,RU,2021-06-01 15:38:23,clear sky
434,Mandiana,10.6333,-8.6833,90.57,44,97,8.25,GN,2021-06-01 15:38:23,overcast clouds
435,Lahaina,20.8783,-156.6825,72.64,80,20,4.68,US,2021-06-01 15:38:23,few clouds
436,Batagay-Alyta,67.8006,130.4114,48.38,62,36,2.51,RU,2021-06-01 15:30:49,scattered clouds
437,Morondava,-20.2833,44.2833,74.98,74,97,11.68,MG,2021-06-01 15:38:24,overcast clouds
438,Ilulissat,69.2167,-51.1,33.82,80,20,8.05,GL,2021-06-01 15:38:24,few clouds
439,Tafresh,34.692,50.013,77.59,12,0,7.72,IR,2021-06-01 15:38:25,clear sky
440,Bogorodskoye,56.55,37.8833,55.42,60,84,8.77,RU,2021-06-01 15:38:25,broken clouds
441,Bontang,0.1333,117.5,78.01,86,87,5.66,ID,2021-06-01 15:38:25,overcast clouds
442,Guerrero Negro,27.9769,-114.0611,66.76,61,2,7.92,MX,2021-06-01 15:38:26,clear sky
443,Dalvik,65.9702,-18.5286,46.33,70,100,1.61,IS,2021-06-01 15:38:26,overcast clouds
444,Tautira,-17.7333,-149.15,73.42,62,70,12.37,PF,2021-06-01 15:38:26,broken clouds
445,Urumqi,43.801,87.6005,81.55,17,0,5.95,CN,2021-06-01 15:29:28,clear sky
446,San Patricio,28.017,-97.5169,76.84,65,95,11.39,US,2021-06-01 15:38:27,overcast clouds
447,Broome,42.2506,-75.833,69.46,50,1,1.01,US,2021-06-01 15:30:36,clear sky
448,Virginia Beach,36.8529,-75.978,76.08,60,40,0.0,US,2021-06-01 15:36:49,scattered clouds
449,Kokoda,-8.8785,147.7407,73.99,95,100,0.78,PG,2021-06-01 15:38:27,overcast clouds
450,Umm Lajj,25.0213,37.2685,90.28,51,37,8.14,SA,2021-06-01 15:38:27,scattered clouds
451,Mandalgovi,45.7625,106.2708,39.94,42,1,7.27,MN,2021-06-01 15:38:28,clear sky
452,Pyryatyn,50.2445,32.5107,52.5,74,100,15.88,UA,2021-06-01 15:38:28,overcast clouds
453,Road Town,18.4167,-64.6167,85.19,70,40,16.11,VG,2021-06-01 15:38:28,scattered clouds
454,Belaya Gora,68.5333,146.4167,54.57,46,14,7.05,RU,2021-06-01 15:38:29,few clouds
455,Nabire,-3.3667,135.4833,77.7,91,100,2.57,ID,2021-06-01 15:38:29,overcast clouds
456,Sampit,-2.5333,112.95,74.88,96,91,1.81,ID,2021-06-01 15:30:50,overcast clouds
457,Helong,42.5397,128.9972,50.83,95,5,3.09,CN,2021-06-01 15:29:56,clear sky
458,Oneonta,42.4529,-75.0638,71.11,57,100,5.37,US,2021-06-01 15:38:29,overcast clouds
459,Lambarene,-0.7001,10.2406,82.42,78,90,5.84,GA,2021-06-01 15:38:30,light rain
460,Mitu,1.1983,-70.1733,82.62,77,90,3.24,CO,2021-06-01 15:38:24,light rain
461,Paamiut,61.994,-49.6678,36.45,85,89,11.88,GL,2021-06-01 15:29:14,overcast clouds
462,Simplicio Mendes,-7.8539,-41.9103,96.44,24,7,7.63,BR,2021-06-01 15:38:30,clear sky
463,Oistins,13.0667,-59.5333,86.09,51,40,17.27,BB,2021-06-01 15:38:31,scattered clouds
464,Vestmannaeyjar,63.4427,-20.2734,49.19,71,40,16.11,IS,2021-06-01 15:31:48,scattered clouds
465,Huarmey,-10.0681,-78.1522,69.57,77,100,9.01,PE,2021-06-01 15:38:31,overcast clouds
466,Santiago,-33.4569,-70.6483,67.17,49,90,2.3,CL,2021-06-01 15:31:07,overcast clouds
467,Lodja,-3.4833,23.4333,84.02,44,100,0.74,CD,2021-06-01 15:38:31,overcast clouds
468,Inuvik,68.3499,-133.7218,31.21,74,90,10.36,CA,2021-06-01 15:38:32,overcast clouds
469,Mokolo,10.7398,13.8019,90.54,66,100,15.46,CM,2021-06-01 15:38:32,light rain
470,Cornwall,45.0181,-74.7281,71.4,42,20,12.26,CA,2021-06-01 15:36:01,few clouds
471,Egvekinot,66.3167,-179.1667,24.73,80,96,6.91,RU,2021-06-01 15:38:32,overcast clouds
472,Tamiahua,21.2667,-97.45,86.63,63,98,11.05,MX,2021-06-01 15:38:33,overcast clouds
473,Flinders,-34.5833,150.8552,54.68,75,99,1.99,AU,2021-06-01 15:38:33,overcast clouds
474,Qaqortoq,60.7167,-46.0333,57.7,56,25,8.9,GL,2021-06-01 15:38:33,scattered clouds
475,Kandrian,-6.2167,149.55,74.86,96,100,8.48,PG,2021-06-01 15:31:36,heavy intensity rain
476,Dahanu,19.9667,72.7333,85.06,78,32,9.31,IN,2021-06-01 15:38:34,moderate rain
477,Kargat,55.1956,80.2811,64.35,76,100,11.63,RU,2021-06-01 15:38:34,overcast clouds
478,Zyryanka,65.75,150.85,49.08,46,23,4.94,RU,2021-06-01 15:30:51,few clouds
479,Terrace Bay,48.7834,-87.1,46.9,76,55,6.78,CA,2021-06-01 15:38:35,broken clouds
480,Camabatela,-8.1881,15.375,78.21,33,33,2.84,AO,2021-06-01 15:38:35,scattered clouds
481,Kaeo,-35.1,173.7833,46.33,93,7,4.03,NZ,2021-06-01 15:29:06,clear sky
482,Duverge,18.3784,-71.5247,86.05,47,99,9.22,DO,2021-06-01 15:38:35,overcast clouds
483,Taiyuan,37.8694,112.5603,67.86,64,80,3.2,CN,2021-06-01 15:38:36,haze
484,Sistranda,63.7256,8.834,73.36,68,14,5.59,NO,2021-06-01 15:38:36,few clouds
485,Sabha,27.0377,14.4283,101.75,11,25,11.48,LY,2021-06-01 15:38:36,scattered clouds
486,Honningsvag,70.9821,25.9704,46.15,81,75,18.41,NO,2021-06-01 15:38:36,light intensity drizzle
487,Hutchinson,38.0608,-97.9298,67.32,80,90,1.01,US,2021-06-01 15:34:40,overcast clouds
488,Shanghai,31.2222,121.4581,73.92,80,0,1.01,CN,2021-06-01 15:33:49,light rain
489,Karratha,-20.7377,116.8463,72.18,31,89,13.91,AU,2021-06-01 15:38:37,overcast clouds
490,Itaituba,-4.2761,-55.9836,95.16,52,20,5.75,BR,2021-06-01 15:38:37,few clouds
491,Saint-Joseph,-21.3667,55.6167,73.78,76,42,11.61,RE,2021-06-01 15:31:33,scattered clouds
492,Yumen,40.2833,97.2,69.35,10,100,12.12,CN,2021-06-01 15:29:22,overcast clouds
493,La Grande,45.3246,-118.0877,77.52,45,48,2.17,US,2021-06-01 15:38:38,scattered clouds
494,Yacuiba,-22.038,-63.6797,75.97,50,3,9.22,BO,2021-06-01 15:38:38,clear sky
495,Cuiaba,-15.5961,-56.0967,82.33,69,20,4.61,BR,2021-06-01 15:38:38,few clouds
496,Jiazi,22.8779,116.067,78.93,89,100,1.74,CN,2021-06-01 15:38:39,overcast clouds
497,Mantua,45.1667,10.7833,80.1,40,2,5.01,IT,2021-06-01 15:38:39,clear sky
498,Kavaratti,10.5669,72.642,83.8,76,100,20.45,IN,2021-06-01 15:38:39,overcast clouds
499,Eyl,7.9803,49.8164,80.83,73,35,21.54,SO,2021-06-01 15:31:25,scattered clouds
500,Kinsale,51.7075,-8.5306,67.37,55,20,9.46,IE,2021-06-01 15:38:40,few clouds
501,Ayagoz,47.9714,80.4392,65.62,64,100,6.93,KZ,2021-06-01 15:38:40,overcast clouds
502,Leh,34.1667,77.5833,46.56,67,100,4.09,IN,2021-06-01 15:28:41,overcast clouds
503,Makat,47.6469,53.3463,86.05,33,92,3.18,KZ,2021-06-01 15:38:41,overcast clouds
504,Granger,41.7481,-86.1257,72.32,48,1,3.2,US,2021-06-01 15:34:59,clear sky
505,Srednekolymsk,67.45,153.6833,54.84,40,88,2.55,RU,2021-06-01 15:38:41,overcast clouds
506,Itamarandiba,-17.8572,-42.8589,78.01,53,36,3.74,BR,2021-06-01 15:38:41,scattered clouds
507,Ayr,55.4627,-4.6339,73.29,52,20,9.22,GB,2021-06-01 15:38:42,few clouds
508,Rezina,47.7492,28.9622,55.02,73,100,14.56,MD,2021-06-01 15:38:42,overcast clouds
509,Castelo Do Piaui,-5.3222,-41.5525,90.91,38,57,1.86,BR,2021-06-01 15:38:42,broken clouds
510,Beira,-19.8436,34.8389,75.29,69,40,5.75,MZ,2021-06-01 15:38:43,scattered clouds
511,Las Vegas,36.175,-115.1372,91.81,13,1,3.44,US,2021-06-01 15:38:43,clear sky
512,Quatre Cocos,-20.2078,57.7625,69.91,81,97,11.97,MU,2021-06-01 15:38:43,moderate rain
513,La Orilla,17.9833,-102.2333,86.59,60,86,2.8,MX,2021-06-01 15:38:44,overcast clouds
514,Inhambane,-23.865,35.3833,75.18,69,40,6.91,MZ,2021-06-01 15:38:44,scattered clouds
515,Lhokseumawe,5.1801,97.1507,79.72,84,100,3.4,ID,2021-06-01 15:36:44,overcast clouds
516,Karatuzskoye,53.6072,92.8667,50.16,60,0,5.32,RU,2021-06-01 15:38:44,clear sky
517,Lodwar,3.1191,35.5973,90.79,30,76,15.88,KE,2021-06-01 15:38:45,broken clouds
518,Popondetta,-8.7537,148.2534,75.58,86,100,2.15,PG,2021-06-01 15:38:45,overcast clouds
519,Agua Prieta,31.3,-109.5667,81.34,18,73,2.46,MX,2021-06-01 15:36:45,broken clouds
520,Lebaksiu,-7.0496,109.1441,72.61,93,22,2.95,ID,2021-06-01 15:38:45,few clouds
521,The Valley,18.217,-63.0578,85.86,65,40,16.11,AI,2021-06-01 15:38:46,scattered clouds
522,Kingaroy,-26.5333,151.8333,44.64,100,81,0.0,AU,2021-06-01 15:38:46,broken clouds
523,Gibara,21.1097,-76.1317,85.32,67,22,15.57,CU,2021-06-01 15:34:56,few clouds
524,Beni,0.5,29.4667,72.39,66,100,3.49,CD,2021-06-01 15:38:46,overcast clouds
525,Mogadishu,2.0371,45.3438,78.66,81,100,13.49,SO,2021-06-01 15:38:47,overcast clouds
526,Kununurra,-15.7667,128.7333,67.98,83,58,0.0,AU,2021-06-01 15:38:47,broken clouds
527,Iracoubo,5.4802,-53.2011,75.51,89,100,0.36,GF,2021-06-01 15:38:47,moderate rain
528,Krasnyy Chikoy,50.3643,108.7512,36.36,100,100,2.84,RU,2021-06-01 15:38:48,overcast clouds
529,Rawah,34.4816,41.9093,92.52,13,0,8.81,IQ,2021-06-01 15:38:48,clear sky
530,Maneadero,31.7167,-116.5667,61.11,87,39,4.18,MX,2021-06-01 15:38:48,scattered clouds
531,Pimenteiras,-6.2453,-41.4192,97.23,25,10,6.6,BR,2021-06-01 15:38:49,clear sky
532,Sringeri,13.4167,75.25,72.5,98,95,3.22,IN,2021-06-01 15:38:49,overcast clouds
533,Apatou,5.155,-54.3472,77.41,92,100,1.86,GF,2021-06-01 15:38:49,overcast clouds
534,Capao Bonito,-24.0058,-48.3494,70.79,61,59,2.26,BR,2021-06-01 15:38:49,broken clouds
535,Naze,28.3667,129.4833,70.86,80,65,16.06,JP,2021-06-01 15:38:50,broken clouds
536,Mount Gambier,-37.8333,140.7667,49.91,66,94,6.91,AU,2021-06-01 15:38:50,overcast clouds
537,Oussouye,12.485,-16.5469,95.18,52,71,11.21,SN,2021-06-01 15:38:50,broken clouds
538,Pierre,44.3683,-100.351,71.06,64,75,5.99,US,2021-06-01 15:38:51,broken clouds
539,Le Vauclin,14.5452,-60.8388,87.85,58,40,17.2,MQ,2021-06-01 15:38:51,scattered clouds
540,Kralendijk,12.15,-68.2667,87.78,62,40,21.85,BQ,2021-06-01 15:38:51,scattered clouds
541,Shemonaikha,50.6328,81.9056,68.38,60,35,4.43,KZ,2021-06-01 15:38:52,scattered clouds
542,Nizhniy Odes,63.6445,54.856,46.76,34,37,8.55,RU,2021-06-01 15:38:52,scattered clouds
543,Okahandja,-21.9833,16.9167,71.91,18,0,7.23,NA,2021-06-01 15:38:52,clear sky
544,Rustenburg,-25.6676,27.2421,54.5,26,0,8.81,ZA,2021-06-01 15:38:53,clear sky
545,Epe,6.5841,3.9834,85.37,71,100,6.76,NG,2021-06-01 15:38:53,light rain
546,Berdigestyakh,62.0989,126.6992,44.85,92,19,4.16,RU,2021-06-01 15:38:53,few clouds
547,Charters Towers,-20.1,146.2667,60.19,94,85,8.48,AU,2021-06-01 15:38:54,overcast clouds
548,Anadyr,64.75,177.4833,32.5,69,0,1.81,RU,2021-06-01 15:38:54,clear sky
549,Port Augusta,-32.5,137.7667,60.71,59,57,14.12,AU,2021-06-01 15:38:54,broken clouds
550,Oriximina,-1.7656,-55.8661,82.26,81,59,3.62,BR,2021-06-01 15:38:55,broken clouds
551,Foam Lake,51.65,-103.5343,62.62,63,100,8.52,CA,2021-06-01 15:38:55,overcast clouds
552,Wagga Wagga,-35.1167,147.3667,50.59,87,90,4.03,AU,2021-06-01 15:38:55,overcast clouds
553,Phimai,15.2232,102.4947,90.25,61,47,8.48,TH,2021-06-01 15:38:56,scattered clouds
554,Muisne,0.6,-80.0333,82.51,81,90,9.89,EC,2021-06-01 15:38:56,overcast clouds
555,Bitung,1.4451,125.1824,77.85,85,95,8.14,ID,2021-06-01 15:38:56,overcast clouds
556,Nagato,34.3833,131.2,69.71,76,100,7.78,JP,2021-06-01 15:30:54,overcast clouds
557,San Cristobal,7.7669,-72.225,75.38,95,100,3.91,VE,2021-06-01 15:29:07,overcast clouds
558,Salinopolis,-0.6136,-47.3561,85.73,65,25,8.99,BR,2021-06-01 15:38:57,scattered clouds
559,Jalu,29.0331,21.5482,93.38,17,0,14.76,LY,2021-06-01 15:29:00,clear sky
560,Kirakira,-10.4544,161.9205,78.62,89,94,8.93,SB,2021-06-01 15:29:49,moderate rain
561,Shingu,33.7333,135.9833,66.9,93,67,5.28,JP,2021-06-01 15:38:57,broken clouds
562,Mazamitla,19.9167,-103.0333,73.06,46,86,0.27,MX,2021-06-01 15:38:58,overcast clouds
563,Micheweni,-4.9667,39.8333,77.22,79,86,9.55,TZ,2021-06-01 15:38:58,overcast clouds
564,Mopipi,-21.1833,24.8833,67.64,24,0,10.33,BW,2021-06-01 15:38:58,clear sky
565,Whitehorse,60.7161,-135.0538,54.1,71,75,15.01,CA,2021-06-01 15:38:59,broken clouds
566,Kushima,31.4583,131.2333,66.2,92,50,5.28,JP,2021-06-01 15:38:59,scattered clouds
567,Sioux Lookout,50.1001,-91.917,68.38,45,75,6.91,CA,2021-06-01 15:30:11,broken clouds
568,Svetlogorsk,52.6333,29.7333,57.49,65,86,8.08,BY,2021-06-01 15:38:59,overcast clouds
569,San Rafael,-34.6177,-68.3301,67.35,37,100,6.85,AR,2021-06-01 15:39:00,overcast clouds
570,Tirumullaivasal,11.2333,79.8333,85.62,72,99,14.63,IN,2021-06-01 15:39:00,overcast clouds
571,Kitale,1.0157,35.0062,59.31,86,100,1.88,KE,2021-06-01 15:39:00,light rain
572,Biltine,14.5333,20.9167,98.55,19,98,11.88,TD,2021-06-01 15:39:01,overcast clouds
573,Awbari,26.5921,12.7805,103.84,10,27,13.0,LY,2021-06-01 15:30:18,scattered clouds
574,Fayaoue,-20.65,166.5333,73.11,62,80,17.94,NC,2021-06-01 15:39:01,broken clouds
575,Linxia,35.6003,103.2064,62.29,44,93,1.97,CN,2021-06-01 15:39:02,overcast clouds
576,Sanming,26.2486,117.6186,75.94,97,100,2.93,CN,2021-06-01 15:39:02,overcast clouds
577,Hearst,49.6835,-83.6665,66.45,34,36,7.38,CA,2021-06-01 15:39:02,scattered clouds
578,Clarence Town,-32.5833,151.7833,52.95,73,83,2.95,AU,2021-06-01 15:39:03,broken clouds
579,Arcata,40.8665,-124.0828,56.25,88,20,4.14,US,2021-06-01 15:39:03,few clouds
580,Alice Springs,-23.7,133.8833,56.75,33,40,2.08,AU,2021-06-01 15:39:03,scattered clouds
581,Sorong,-0.8833,131.25,78.26,90,84,5.41,ID,2021-06-01 15:30:58,broken clouds
582,Killybegs,54.6333,-8.45,55.11,85,100,11.14,IE,2021-06-01 15:39:04,overcast clouds
583,Steamboat Springs,40.485,-106.8317,64.0,50,1,0.0,US,2021-06-01 15:36:05,clear sky
584,Halkirk,52.2834,-112.1518,65.77,51,100,7.99,CA,2021-06-01 15:39:04,overcast clouds
585,Itamaraju,-17.0392,-39.5311,88.45,34,11,5.55,BR,2021-06-01 15:39:04,few clouds
586,Meybod,32.2501,54.0166,100.42,7,0,9.1,IR,2021-06-01 15:39:05,clear sky
587,Maldonado,-34.6667,-54.9167,65.59,60,96,15.59,UY,2021-06-01 15:39:05,overcast clouds
588,Stornoway,58.2093,-6.3865,57.16,62,20,2.3,GB,2021-06-01 15:39:05,few clouds
589,Tuatapere,-46.1333,167.6833,49.82,87,74,5.59,NZ,2021-06-01 15:39:06,broken clouds
590,Te Anau,-45.4167,167.7167,43.61,91,100,3.96,NZ,2021-06-01 15:30:24,overcast clouds
591,Katobu,-4.9408,122.5276,74.73,92,47,4.52,ID,2021-06-01 15:39:06,scattered clouds
592,Marilia,-22.2139,-49.9458,80.26,42,1,1.88,BR,2021-06-01 15:39:07,clear sky
593,Waingapu,-9.6567,120.2641,75.4,85,100,3.44,ID,2021-06-01 15:39:07,overcast clouds
594,Bereda,43.2686,-7.5406,77.41,56,14,8.95,ES,2021-06-01 15:39:07,few clouds
595,Palana,59.1167,159.9667,38.01,65,100,3.53,RU,2021-06-01 15:39:08,overcast clouds
596,Ulaangom,49.9811,92.0667,51.75,36,0,0.74,MN,2021-06-01 15:39:08,clear sky
597,Abnub,27.2696,31.1511,111.42,14,0,15.9,EG,2021-06-01 15:39:08,clear sky
598,Dingle,10.9995,122.6711,76.41,95,100,3.13,PH,2021-06-01 15:39:08,light rain
599,Westport,41.1415,-73.3579,74.08,71,100,1.01,US,2021-06-01 15:29:31,overcast clouds
600,Saint-Augustin,51.226,-58.6502,46.35,94,100,6.13,CA,2021-06-01 15:31:28,overcast clouds
601,Tazovskiy,67.4667,78.7,44.56,64,47,12.37,RU,2021-06-01 15:39:09,scattered clouds
602,Cabinda,-5.55,12.2,84.34,74,40,8.05,AO,2021-06-01 15:39:09,scattered clouds
603,Nanhai,30.1282,111.7784,80.76,74,91,5.12,CN,2021-06-01 15:39:10,light rain
604,Kapit,2.0167,112.9333,74.59,98,99,0.51,MY,2021-06-01 15:39:10,very heavy rain
605,Juneau,58.3019,-134.4197,53.6,94,90,3.0,US,2021-06-01 15:29:45,light rain
606,Guarumal,8.35,-82.5333,88.93,74,20,4.97,PA,2021-06-01 15:39:10,few clouds
607,Tevriz,57.509,72.4042,50.83,57,34,3.6,RU,2021-06-01 15:39:11,scattered clouds
608,Aasiaat,68.7098,-52.8699,34.34,81,15,9.84,GL,2021-06-01 15:39:11,few clouds
609,San Lawrenz,36.0553,14.204,71.85,81,67,4.0,MT,2021-06-01 15:39:11,broken clouds
610,Hovd,48.0056,91.6419,54.54,26,0,1.07,MN,2021-06-01 15:39:12,clear sky
611,Punta Alta,-38.8759,-62.0736,64.0,58,100,20.09,AR,2021-06-01 15:37:45,moderate rain
612,Yazman,29.1212,71.7446,103.89,23,0,5.77,PK,2021-06-01 15:39:12,clear sky
613,Castro Marim,37.2207,-7.4435,69.78,52,16,18.28,PT,2021-06-01 15:39:13,few clouds
614,Atasu,48.6814,71.6433,69.53,57,73,15.61,KZ,2021-06-01 15:30:27,broken clouds
615,Vao,-22.6667,167.4833,68.77,60,100,12.66,NC,2021-06-01 15:39:13,overcast clouds
616,Madras,13.0878,80.2785,87.96,77,40,3.0,IN,2021-06-01 15:39:13,scattered clouds
617,Gavle,60.6745,17.1417,61.95,61,85,7.45,SE,2021-06-01 15:39:14,overcast clouds
618,Erdenet,49.0333,104.0833,37.09,77,100,9.57,MN,2021-06-01 15:39:14,moderate rain
619,Shimoda,34.6667,138.95,69.12,89,88,3.4,JP,2021-06-01 15:39:14,overcast clouds
620,Chik,54.9928,82.4311,69.55,46,0,5.48,RU,2021-06-01 15:39:15,clear sky
621,Almaznyy,48.0448,40.045,68.14,91,96,10.92,RU,2021-06-01 15:39:15,overcast clouds
622,Tangi,34.3006,71.6536,89.6,37,7,10.45,PK,2021-06-01 15:39:15,clear sky
623,Hovezi,49.3037,18.0606,68.83,49,50,7.74,CZ,2021-06-01 15:39:15,scattered clouds
624,Pitimbu,-7.4706,-34.8086,82.99,61,76,10.27,BR,2021-06-01 15:39:16,broken clouds
625,Byron Bay,-28.65,153.6167,56.88,87,49,3.96,AU,2021-06-01 15:31:18,scattered clouds
626,Sao Miguel Do Araguaia,-13.275,-50.1628,92.62,22,22,7.29,BR,2021-06-01 15:39:16,few clouds
627,Berbera,10.4396,45.0143,90.34,61,20,3.4,SO,2021-06-01 15:39:17,few clouds
628,Willmar,45.1219,-95.0433,71.62,37,1,0.0,US,2021-06-01 15:36:10,clear sky
629,Oruro,-17.9833,-67.15,48.69,50,100,5.75,BO,2021-06-01 15:39:17,overcast clouds
630,Lumsden,50.6501,-104.8678,70.02,60,74,9.55,CA,2021-06-01 15:39:17,broken clouds
631,Swan Hill,-35.3378,143.5544,49.73,68,12,6.44,AU,2021-06-01 15:39:18,few clouds
632,Chute-Aux-Outardes,49.1168,-68.399,55.71,87,40,13.38,CA,2021-06-01 15:39:18,scattered clouds
633,Alofi,-19.0595,-169.9187,75.09,94,75,4.61,NU,2021-06-01 15:39:18,light rain
634,Bowen,-20.0167,148.2333,62.82,82,22,9.46,AU,2021-06-01 15:39:19,few clouds
635,Campbell River,50.0163,-125.2446,69.26,72,20,4.61,CA,2021-06-01 15:38:33,few clouds
636,Moose Factory,51.2585,-80.6094,66.2,52,40,9.22,CA,2021-06-01 15:39:19,scattered clouds
637,Tsabong,-26.0217,22.401,56.01,29,0,6.69,BW,2021-06-01 15:39:19,clear sky
638,Algiers,36.7525,3.042,84.02,42,20,9.95,DZ,2021-06-01 15:39:20,few clouds
639,Kemin,42.7846,75.6892,68.29,42,2,5.41,KG,2021-06-01 15:39:20,clear sky
640,Puerto Escondido,15.85,-97.0667,81.43,74,75,6.91,MX,2021-06-01 15:39:20,broken clouds
641,Bosaso,11.2842,49.1816,88.59,64,41,5.19,SO,2021-06-01 15:31:15,scattered clouds
642,Rudkobing,54.9364,10.7102,66.18,75,87,8.63,DK,2021-06-01 15:39:21,light rain
643,Herzogenaurach,49.568,10.8857,75.42,36,0,3.0,DE,2021-06-01 15:39:21,clear sky
644,Kawasaki,35.5206,139.7172,72.01,80,75,1.01,JP,2021-06-01 15:39:21,broken clouds
645,Jiujiang,29.7333,115.9833,78.04,84,31,2.95,CN,2021-06-01 15:39:21,light rain
646,Joensuu,62.6012,29.7632,65.1,45,0,2.82,FI,2021-06-01 15:39:22,clear sky
647,Ostersund,63.1792,14.6357,68.61,30,89,11.5,SE,2021-06-01 15:39:22,overcast clouds
648,Cravo Norte,6.3017,-70.2041,73.0,97,100,1.99,CO,2021-06-01 15:39:22,overcast clouds
649,Chimore,-16.9833,-65.1333,82.33,53,78,2.89,BO,2021-06-01 15:39:23,broken clouds
650,Muncar,-8.4333,114.3333,73.42,87,44,0.34,ID,2021-06-01 15:39:23,scattered clouds
651,Makakilo City,21.3469,-158.0858,75.29,81,1,3.44,US,2021-06-01 15:39:23,clear sky
652,Ambon,-3.6954,128.1814,77.14,94,40,10.16,ID,2021-06-01 15:39:24,scattered clouds
653,Mayumba,-3.432,10.6554,78.19,81,100,4.94,GA,2021-06-01 15:39:24,overcast clouds
654,Bairiki,1.3292,172.9752,82.4,83,20,16.98,KI,2021-06-01 15:30:35,light rain
655,Jinchang,38.4953,102.1739,65.28,13,87,2.71,CN,2021-06-01 15:39:24,overcast clouds
656,Noumea,-22.2763,166.4572,70.0,99,98,7.43,NC,2021-06-01 15:39:25,overcast clouds
657,Kant,27.8,79.8,93.47,27,1,6.33,IN,2021-06-01 15:39:25,clear sky
658,Polunochnoye,60.8697,60.4153,51.4,51,63,4.23,RU,2021-06-01 15:39:25,broken clouds
659,Kamloops,50.6665,-120.3192,68.58,63,75,11.5,CA,2021-06-01 15:36:14,broken clouds
660,Lac Du Bonnet,50.2536,-96.0612,73.58,41,100,10.74,CA,2021-06-01 15:39:26,overcast clouds
661,Angoram,-4.0625,144.0661,73.15,100,100,2.3,PG,2021-06-01 15:39:26,overcast clouds
662,El Puerto De Santa Maria,36.5939,-6.233,73.62,57,75,11.56,ES,2021-06-01 15:39:26,broken clouds
663,Chipinge,-20.1883,32.6236,60.8,52,8,5.21,ZW,2021-06-01 15:39:27,clear sky
664,Manadhoo,5.7667,73.3833,83.39,70,100,17.22,MV,2021-06-01 15:39:27,overcast clouds
665,Ust-Kuyga,70.0167,135.6,59.31,44,7,3.83,RU,2021-06-01 15:39:27,clear sky
666,Chimbote,-9.0853,-78.5783,68.81,78,98,8.23,PE,2021-06-01 15:39:27,overcast clouds
667,Wanlaweyn,2.6185,44.8938,79.05,66,100,16.35,SO,2021-06-01 15:39:28,overcast clouds
668,Coria,39.9879,-6.5377,77.88,33,15,10.76,ES,2021-06-01 15:39:28,few clouds
669,Zambezi,-13.5432,23.1047,70.39,26,78,3.42,ZM,2021-06-01 15:39:28,broken clouds
670,Wyndham,37.6985,-77.6125,77.14,60,1,1.01,US,2021-06-01 15:39:29,clear sky
671,Srandakan,-7.9386,110.2506,59.74,88,66,5.06,ID,2021-06-01 15:39:29,broken clouds
672,Puttur,12.7667,75.2167,78.91,95,100,2.24,IN,2021-06-01 15:39:30,overcast clouds
673,Zhaotong,27.3167,103.7167,57.47,93,99,3.13,CN,2021-06-01 15:39:30,overcast clouds
674,Toora-Khem,52.4675,96.11,42.48,61,0,2.73,RU,2021-06-01 15:39:30,clear sky
675,Tambura,5.6,27.4667,82.09,68,89,2.77,SS,2021-06-01 15:39:31,overcast clouds
676,Vilyuysk,63.7553,121.6247,52.79,55,100,0.56,RU,2021-06-01 15:39:31,overcast clouds
677,Wamba,8.9333,8.6,86.92,49,100,3.85,NG,2021-06-01 15:30:32,light rain
678,Puerto Varas,-41.3195,-72.9854,52.02,87,75,5.68,CL,2021-06-01 15:39:31,broken clouds
679,Muroto,33.2833,134.15,68.77,85,81,6.85,JP,2021-06-01 15:39:32,broken clouds
680,Clevelandia,-26.3958,-52.4708,69.42,44,0,4.68,BR,2021-06-01 15:39:32,clear sky
681,Okato,-39.2,173.8833,45.68,82,15,1.28,NZ,2021-06-01 15:39:32,few clouds
682,Nichinan,31.6,131.3667,67.89,87,58,5.97,JP,2021-06-01 15:39:33,broken clouds
683,Bodmin,50.4715,-4.7243,71.56,35,0,13.62,GB,2021-06-01 15:39:33,clear sky
684,Khorramshahr,30.4397,48.1664,112.96,9,0,18.41,IR,2021-06-01 15:39:33,clear sky
685,Mareeba,-17.0,145.4333,65.12,94,87,1.61,AU,2021-06-01 15:39:34,overcast clouds
686,Arona,28.0996,-16.681,67.32,57,40,5.99,ES,2021-06-01 15:39:34,scattered clouds
687,Manokwari,-0.8667,134.0833,78.57,82,90,4.12,ID,2021-06-01 15:39:34,overcast clouds
688,Sendhwa,21.6833,75.1,86.32,51,37,13.96,IN,2021-06-01 15:39:35,scattered clouds
689,Pietersburg,-23.9045,29.4688,65.25,48,40,11.5,ZA,2021-06-01 15:35:27,light rain
690,Oksfjord,70.2396,22.3479,59.92,80,82,5.08,NO,2021-06-01 15:39:35,broken clouds
691,Tilichiki,60.4667,166.1,35.83,71,47,0.74,RU,2021-06-01 15:39:35,scattered clouds
692,Moroni,-11.7022,43.2551,77.77,77,13,5.46,KM,2021-06-01 15:39:36,few clouds
693,Gawler,-34.6,138.7333,65.35,47,78,10.96,AU,2021-06-01 15:39:36,light rain
694,Nexo,55.0607,15.1306,57.29,82,8,15.28,DK,2021-06-01 15:39:36,clear sky
695,Filotion,37.05,25.5,70.03,59,0,4.76,GR,2021-06-01 15:39:37,clear sky
696,Sol-Iletsk,51.1631,54.9918,73.26,57,86,10.83,RU,2021-06-01 15:39:37,light rain
697,Shakawe,-18.3667,21.85,70.5,19,0,6.26,BW,2021-06-01 15:39:37,clear sky
698,Jiaohe,43.7286,127.3447,50.32,90,34,1.03,CN,2021-06-01 15:39:38,scattered clouds
699,Balkhash,46.844,74.9804,78.31,34,7,11.74,KZ,2021-06-01 15:39:38,clear sky
700,Jalingo,8.8833,11.3667,87.42,56,100,2.37,NG,2021-06-01 15:39:38,overcast clouds
701,Coquimbo,-29.9533,-71.3436,62.33,72,0,11.41,CL,2021-06-01 15:31:13,clear sky
702,Sibolga,1.7427,98.7792,78.13,84,91,3.27,ID,2021-06-01 15:39:39,overcast clouds
703,Contamana,-7.3333,-75.0167,87.57,56,93,1.23,PE,2021-06-01 15:39:39,overcast clouds
